{"cameraMode":{"drawMode":0,"name":"Shaded","section":"Shading Mode"},"sceneLighting":true,"audioPlay":false,"sceneViewState":{"m_AlwaysRefresh":false,"showFog":true,"showSkybox":true,"showFlares":true,"showImageEffects":true,"showParticleSystems":true,"showVisualEffectGraphs":true,"m_FxEnabled":true},"in2DMode":false,"pivot":{"x":0.7276887893676758,"y":-0.8196544647216797,"z":0.23333311080932618},"rotation":{"x":-0.13721813261508943,"y":0.8035587668418884,"z":-0.20330846309661866,"w":-0.5423427820205689},"size":17.468915939331056,"orthographic":false}